3underscoreN/thevale	team	clerk	playwright	playwright.config.ts:23:  workers: 1, 	playwright.config.ts:17:  fullyParallel: true,	NO	NO	NO	NO			NO	YES	3	0	3	2026-07-16	NO	NO	
876-workspace/876	team	workos	playwright	playwright.config.ts:25:  workers: process.env.CI ? 2 : undefined, 	playwright.config.ts:21:  fullyParallel: true,	NO	NO	NO	YES	grant_type;		YES	YES	3	3	1	2026-08-16	NO	NO	
ADLenehan/battery	team	workos	playwright	apps/dashboard/playwright.config.ts:8:  workers: process.env.CI ? 1 : undefined, 	apps/dashboard/playwright.config.ts:5:  fullyParallel: true,	NO	NO	NO	NO		inbucket;	NO	NO	23	1	0	2026-01-13	NO	NO	
ARKlab/Ark.Starters.SPA	team	auth0	cypress	ABSENT	ABSENT	YES	NO	NO	NO			NO	NO	34	2	1	2026-08-15	YES	NO	./cypress/support/commands.ts:7:  cy.session( || ./cypress/support/commands.ts:36:  cy.session(
Abdul-Razack/ecommerce	team	workos	playwright	playwright.config.ts:15:  workers: process.env.CI ? 1 : 2, playwright.config.ts:23:    /* Collect trace on CI only to prevent filesystem artifact collisions with parallel workers */ 	playwright.config.ts:12:  fullyParallel: false,	YES	YES	NO	NO			NO	YES	21	4	0	2026-08-14	YES	NO	./tests/admin/admin-login.setup.ts:34:    await page.context().storageState({ path: ADMIN_AUTH_FILE }); || ./tests/admin/admin-login.setup.ts:44:  await page.context().storageState({ path: ADMIN_AUTH_FILE }); || ./tests/fixtures/admin.fixture.ts:9: *   3. All other admin tests load that file via storageState.
Amaxa-Impact/amaxa	team	workos	playwright	apps/platform/playwright.config.ts:52:  workers: process.env.CI ? 1 : 2, 	apps/platform/playwright.config.ts:46:  fullyParallel: true,	YES	YES	YES	NO			NO	YES	7	0	3	2026-04-05	YES	NO	./apps/platform/tests/apply/schedule.e2e.ts:6:  test.use({ storageState: USER_AUTH_STATE }); || ./apps/platform/tests/setup/site-admin.setup.ts:8:    storageStatePath: ADMIN_AUTH_STATE, || ./apps/platform/tests/setup/user.setup.ts:8:    storageStatePath: USER_AUTH_STATE,
AnayDhawan/tourneyradar	team	firebase	playwright	ABSENT	playwright.config.ts:5:  fullyParallel: true,	NO	NO	NO	NO			NO	NO	2	0	23	2026-08-12	NO	NO	
AnxForever/stylekit	team	supabase	playwright	tests/playwright.config.ts:32:  workers: process.env.CI ? 1 : undefined,	NA	NA	NA	NA	NA	NA	NA	NA	NA	NA	NA	NA	NA	NO	NO	
Ari-S-123/cable	team	workos	playwright	ABSENT	playwright.config.ts:8:  fullyParallel: false,	NO	NO	NO	NO			NO	NO	13	0	0	2026-07-24	NO	NO	
Ashpan/NotionMaps	team	auth0	cypress	ABSENT	ABSENT	NO	NO	NO	NO			NO	NO	22	5	0	2025-09-25	NO	NO	
AutomationGods/career-os	team	workos	playwright	ABSENT	ABSENT	NO	NO	NO	NO			NO	NO	2	0	0	2026-07-09	NO	NO	
AvichalDwivedi2205/LoopLens	team	workos	playwright	ABSENT	ABSENT	NO	NO	NO	NO			NO	NO	1	1	0	2026-06-29	NO	NO	
AyushAgrawal-A2/quadratic	team	workos	playwright	test/e2e/playwright.config.ts:19:  /* Use 1 worker on CI since we parallelize via shards (36 shards), not workers */ test/e2e/playwright.config.ts:22:  workers: process.env.CI ? 1 : '50%',  ||SERIALDECL|| ./test/e2e/src/formatting.spec.ts:30:  test.describe.configure({ mode: 'serial' });	test/e2e/playwright.config.ts:14:  fullyParallel: true,	NO	NO	NO	YES	424242;		YES	YES	42	2	1	2026-04-20	NO	NO	
Barbienestar/frontend	team	firebase	cypress	ABSENT	ABSENT	NO	NO	NO	YES	connectAuthEmulator;		NO	NO	6	6	0	2026-06-13	NO	NO	
BryanAM/sajeon	team	kinde	playwright	playwright.config.ts:21:  workers: process.env.CI ? 1 : undefined, 	playwright.config.ts:15:  fullyParallel: true,	NO	NO	NO	NO			NO	YES	6	0	2	2025-05-10	NO	NO	
BuiltByDennis/SkillFinder-ideas	team	clerk	playwright	frontend/playwright.config.ts:8:  workers: process.env.CI ? 1 : undefined, 	frontend/playwright.config.ts:5:  fullyParallel: true,	NO	NO	NO	YES	424242;		YES	NO	1	1	1	2026-06-19	NO	NO	
ChaiWithJai/queens-world-monitor	team	clerk	playwright	playwright.config.ts:5:  workers: 1,  ||SERIALDECL|| ./e2e/rag-vector-store.spec.ts:6:  test.describe.configure({ mode: 'serial' });	ABSENT	NO	NO	NO	YES	424242;grant_type;		YES	NO	954	23	0	2026-07-28	NO	NO	
ChouquetteCorp/beerbet	team	supabase	cypress	ABSENT	ABSENT	NO	NO	NO	NO		inbucket;	NO	NO	7	3	13	2025-03-21	NO	NO	
Cimpo1/SOEN341---DYEVRAQ	team	auth0	playwright	playwright.config.ts:23:  workers: process.env.CI ? 1 : undefined, 	playwright.config.ts:17:  fullyParallel: true,	NO	NO	NO	NO			YES	YES	1	1	1	2025-04-18	NO	NO	
Clvrwrk/fleetvolt	team	workos	playwright	apps/web/playwright.config.ts:12:  workers: 1, 	apps/web/playwright.config.ts:9:  fullyParallel: false,	NO	NO	NO	NO			NO	NO	11	0	0	2026-07-17	NO	NO	
Cnoyy/DOC-REVIEW	team	workos	playwright	playwright.config.ts:8:  workers: process.env.CI ? 1 : undefined, 	playwright.config.ts:5:  fullyParallel: true,	NO	NO	NO	YES	424242;		YES	NO	1	1	0	2026-06-16	NO	NO	
Coachb1/webapp_deep	team	kinde	cypress	ABSENT	ABSENT	YES	YES	NO	NO			YES	NO	8	8	0	2026-05-21	YES	NO	./cypress/support/commands.ts:7:  cy.session("loggedInUser", () => {
Connorbelez/AnswerThePublic	team	workos	playwright	playwright.config.ts:11:  workers: 1, 	playwright.config.ts:10:  fullyParallel: false,	NO	NO	NO	NO		inbucket;	YES	YES	24	1	0	2026-08-01	NO	NO	
Crazytieguy/calibrate	team	clerk	playwright	playwright.config.ts:5:  workers: 1, 	ABSENT	NO	NO	NO	YES	+clerk_test;424242;		YES	NO	1	1	1	2025-10-08	NO	NO	
Csyeoh/CariSkill	team	firebase	playwright	amls-root/apps/web/playwright.config.ts:23:  workers: process.env.CI ? 1 : undefined, 	amls-root/apps/web/playwright.config.ts:17:  fullyParallel: true,	NO	NO	NO	NO			NO	YES	0	0	0	2026-03-06	NO	NO	
CzarX86/OgniStore	team	firebase	cypress	ABSENT	ABSENT	NO	NO	NO	YES			YES	NO	18	7	0	2025-11-07	NO	NO	
DSamuelHodge/acceda-agents	team	workos	playwright	01_FRONTEND/playwright.config.ts:15:  // Number of workers 01_FRONTEND/playwright.config.ts:16:  workers: process.env.CI ? 1 : undefined, 	ABSENT	NO	NO	NO	NO			NO	YES	0	0	0	2026-02-23	NO	NO	
DamienLove/pulselink	team	firebase	playwright	web/playwright.config.js:15:  workers: process.env.CI ? 1 : undefined, 	web/playwright.config.js:9:  fullyParallel: true,	NO	NO	NO	YES	424242;		YES	YES	18	1	1	2026-02-25	NO	NO	
Daryl-03/clean-url-shortener-ui	team	kinde	playwright	playwright.config.ts:23:  workers: process.env.CI ? 1 : undefined, 	playwright.config.ts:17:  fullyParallel: true,	NO	NO	NO	NO			YES	YES	2	1	0	2026-03-14	NO	NO	
DavidGarzon9580/secondbraind	team	supabase	playwright	ABSENT	playwright.config.ts:16:  fullyParallel: true,	NO	NO	NO	NO			YES	NO	12	4	0	2025-08-01	NO	NO	
Dec0dex/dcp-web	team	supertokens	cypress	ABSENT	ABSENT	NO	NO	NO	NO			NO	NO	2	0	0	2025-11-15	NO	NO	
DefinitionGroup/1sp-ProjectManager	team	clerk	playwright	playwright.config.ts:10:  // workers would race each other's reads/writes and make failures playwright.config.ts:13:  // no `workers` set, Playwright still ran multiple spec *files* in 	playwright.config.ts:11:  // nondeterministic. `fullyParallel: false` alone does NOT guarantee that:	YES	YES	NO	YES	+clerk_test;clerkSetup;setupClerkTestingToken;	inbucket;	YES	YES	22	4	0	2026-08-13	YES	YES	./tests/e2e/global-setup.ts:10:export default async function globalSetup() { || ./playwright.config.ts:7:  globalSetup: './tests/e2e/global-setup.ts',
DilanBernal/ticket_tracker	team	supabase	cypress	ABSENT	ABSENT	NO	NO	NO	NO			YES	NO	7	3	0	2026-02-26	NO	NO	
DoNhatNam1/e-commerce-linux-team	team	kinde	playwright	ABSENT	ABSENT	YES	NO	NO	NO			NO	NO	1	1	0	2025-04-19	YES	NO	./apps/api-payment-e2e/jest.config.ts:5:  globalSetup: "<rootDir>/src/support/global-setup.ts", || ./apps/dashboard-mvc-e2e/jest.config.ts:5:  globalSetup: "<rootDir>/src/support/global-setup.ts",
DoNhatNam1/nextjs-payload-mutitenant	team	kinde	playwright	playwright.config.ts:19:  workers: process.env.CI ? 1 : undefined, 	ABSENT	NO	NO	NO	NO			NO	YES	3	0	0	2025-12-23	NO	NO	
EasyEyes/threshold	team	firebase	playwright	tests/mitmproxy/playwright.config.ts:5:  workers: 1, // run serially — each test owns mitmproxy on port 8080 	ABSENT	YES	NO	NO	NO			YES	YES	199	2	6	2026-08-15	YES	YES	./tests/mitmproxy/global-setup.ts:4:export default async function globalSetup(): Promise<void> { || ./tests/mitmproxy/playwright.config.ts:6:  globalSetup: "./global-setup.ts",
EfeDurmaz16/aspendos-deploy	team	workos	playwright	apps/web/playwright.config.ts:17:    workers: process.env.CI ? 1 : undefined, 	apps/web/playwright.config.ts:14:    fullyParallel: true,	NO	NO	NO	NO			YES	NO	35	1	0	2026-05-06	NO	NO	
Eliahhango/ai-assistant	team	workos	playwright	playwright.config.ts:16:  workers: 3, // Allow 3 concurrent workers (one per tier spec) 	playwright.config.ts:13:  fullyParallel: true, // Run spec files in parallel (each tier uses different user)	YES	YES	YES	NO			YES	YES	25	4	1	2026-07-28	YES	NO	./e2e/chat-agent.spec.ts:12:    test.use({ storageState: AUTH_STORAGE_PATHS.pro }); || ./e2e/chat-agent.spec.ts:114:    test.use({ storageState: AUTH_STORAGE_PATHS.ultra }); || ./e2e/chat-switching.spec.ts:21:  test.use({ storageState: AUTH_STORAGE_PATHS.pro });
EndeavorEverlasting/AxTask	team	workos	playwright	playwright.config.ts:23:  /* One shared webServer + client navigations: multiple workers can starve the server and yield playwright.config.ts:25:  workers: process.env.CI ? 1 : undefined, 	playwright.config.ts:26:  fullyParallel: true,	NO	NO	NO	NO			YES	YES	22	1	0	2026-08-14	NO	NO	
Flowminder/flowkit-ui	team	auth0	cypress	ABSENT	ABSENT	NO	NO	NO	NO			NO	NO	0	0	2	2026-07-27	NO	NO	
G-Jeffreys/friendly-computing-machine	team	clerk	playwright	ABSENT	playwright.config.ts:9:  fullyParallel: true,	NO	NO	NO	NO			NO	NO	0	0	0	2025-07-31	NO	NO	
GetClaimClam/Take-Home	team	auth0	playwright	playwright.config.ts:30:  workers: process.env.CI ? 1 : undefined, 	playwright.config.ts:24:  fullyParallel: true,	NO	NO	NO	NO			NO	YES	0	0	0	2025-05-13	NO	NO	
Gimanh/taskview-community	team	firebase	playwright+cypress	web/playwright.config.ts:10:  workers: process.env.CI ? 1 : undefined, 	web/playwright.config.ts:7:  fullyParallel: true,	YES	YES	NO	NO			NO	NO	5	1	459	2026-08-04	YES	YES	./taskview-packages/taskview-mcp/vitest.config.ts:5:    globalSetup: ['./src/__tests__/integration/global-setup.ts'], || ./taskview-packages/taskview-api/vitest.config.ts:12:        globalSetup: './src/api/__tests__/setup-db.ts', || ./web/playwright.config.ts:5:  // globalSetup: './e2e/global-setup.ts',
Hexinator12/Voice-Rag-Chat	team	firebase	playwright	frontend/playwright.config.ts:7:    workers: 1, 	frontend/playwright.config.ts:5:    fullyParallel: false,	NO	NO	NO	NO			NO	NO	1	0	0	2026-05-05	NO	NO	
Hive-Academy/ptah-extension	team	workos	playwright	libs/frontend/webview-e2e-harness/playwright.config.ts:26:  workers: isCI ? 2 : undefined, apps/ptah-electron-e2e/playwright.config.ts:20:  workers: 1, 	libs/frontend/webview-e2e-harness/playwright.config.ts:23:  fullyParallel: true,	YES	NO	NO	NO			YES	YES	14	0	29	2026-08-12	YES	YES	./apps/ptah-electron-e2e/playwright.config.ts:28:  globalSetup: './src/support/build-precheck.ts', || ./apps/ptah-electron-e2e/src/support/build-precheck.ts:5: * Playwright globalSetup -- verifies the Electron build artifacts exist || ./apps/ptah-electron-e2e/src/support/build-precheck.ts:11:export default async function globalSetup(): Promise<void> {
IDpeace9527/nextjsbase-i18n	team	supabase	playwright	ABSENT	playwright.config.ts:17:  fullyParallel: true,	NO	NO	NO	NO			NO	NO	1	0	27	2025-07-03	NO	NO	
IGVF-DACC/igvf-ui	team	auth0	cypress	ABSENT	ABSENT	YES	YES	NO	NO			YES	NO	79	4	2	2026-08-15	YES	NO	./cypress/e2e/app.cy.js:37:  // Shared login helper using cy.session() to cache Auth0 cookies across the two schema tests, || ./cypress/e2e/app.cy.js:40:    cy.session("auth0-session", () => {
Inanoky/worksRecorded	team	kinde	playwright	worksRecorded/playwright.config.ts:11:   workers: 1, 	worksRecorded/playwright.config.ts:10:  fullyParallel: false,	YES	NO	NO	NO			YES	YES	16	0	1	2026-08-14	YES	YES	./worksRecorded/playwright.config.ts:15:    storageState: STORAGE_STATE, // absolute/normalized path || ./worksRecorded/playwright.config.ts:22:        storageState: STORAGE_STATE, || ./worksRecorded/playwright.config.ts:29:    //     storageState: STORAGE_STATE,
JarutKulthawaiphorn/ai-revenue-ops	team	supabase	playwright	playwright.config.ts:34:  workers: process.env.CI ? 1 : undefined, 	playwright.config.ts:31:  fullyParallel: true,	YES	YES	YES	NO			YES	YES	5	0	1	2026-06-30	YES	YES	./playwright.config.ts:51:      use: { ...devices["Desktop Chrome"], storageState: STORAGE_STATE }, || ./playwright.config.ts:56:    // { name: "firefox", use: { ...devices["Desktop Firefox"], storageState: STORAGE_STATE }, dependencies: ["setup"] }, || ./playwright.config.ts:57:    // { name: "webkit", use: { ...devices["Desktop Safari"], storageState: STORAGE_STATE }, dependencies: ["setup"] },
JasperBerton/where2pee	team	auth0	cypress	ABSENT	ABSENT	NO	NO	NO	NO			NO	NO	4	0	0	2025-03-22	NO	NO	
JeremyLoh/xtal	team	supertokens	playwright	frontend/playwright.config.ts:31:  /* Run parallel tests with 3 workers for CI */ frontend/playwright.config.ts:32:  workers: process.env.CI ? 3 : undefined, 	frontend/playwright.config.ts:26:  fullyParallel: true,	NO	NO	NO	NO			YES	YES	85	10	1	2026-03-09	NO	NO	
JerryWu0519/my-ai-spreadsheet	team	workos	playwright	test/e2e/playwright.config.ts:19:  /* Use 1 worker on CI since we parallelize via shards (36 shards), not workers */ test/e2e/playwright.config.ts:22:  workers: process.env.CI ? 1 : '50%',  ||SERIALDECL|| ./test/e2e/src/formatting.spec.ts:30:  test.describe.configure({ mode: 'serial' });	test/e2e/playwright.config.ts:14:  fullyParallel: true,	NO	NO	NO	YES	424242;		YES	YES	42	2	0	2026-03-03	NO	NO	
JesusJC15/salud-de-una-web	team	auth0	playwright	ABSENT	playwright.config.ts:7:  fullyParallel: false,	NO	NO	NO	NO			NO	NO	4	2	0	2026-05-21	NO	NO	
JuanFelipep123/UNICONNECT_6_Dashboard_Frontend	team	auth0	playwright	playwright.config.ts:9:  workers: 1, 	playwright.config.ts:6:  fullyParallel: false,	NO	NO	NO	NO			NO	NO	4	1	0	2026-05-07	NO	NO	
JuniYadi/projects-green	team	workos	playwright	playwright.config.ts:93:  workers: 1,  ||SERIALDECL|| ./.agents/skills/playwright-best-practices/core/fixtures-hooks.md:410:| Shared `page` or `context` in `beforeAll` | Stat	playwright.config.ts:90:  fullyParallel: false,	YES	YES	NO	YES	424242;		YES	NO	38	2	0	2026-08-16	DOCONLY	NO	./.agents/skills/playwright-best-practices/advanced/authentication.md:22:await page.context().storageState({ path: ".auth/session.json" }); || ./.agents/skills/playwright-best-practices/advanced/authentication.md:27:    storageState: ".auth/session.json"
Karthikkk-24/CareConnect	team	clerk	playwright	apps/web/playwright.config.ts:10:  workers: process.env.CI ? 1 : undefined, 	apps/web/playwright.config.ts:7:  fullyParallel: true,	NO	NO	NO	NO			YES	NO	3	2	0	2026-08-15	NO	NO	
KevTiv/lumiere-v-1	team	workos	playwright	frontend/web/playwright.config.ts:16:  workers: process.env.E2E_WORKERS  ||SERIALDECL|| ./frontend/web/tests/e2e/auth-permission-enforcement.spec.ts:464:  test.describe.configure({ mode: "serial" })	frontend/web/playwright.config.ts:14:  fullyParallel: true,	YES	YES	YES	NO			YES	NO	56	3	0	2026-08-12	YES	YES	./frontend/web/tests/e2e/auth-shell.spec.ts:30:  test.use({ storageState: { cookies: [], origins: [] } }) || ./frontend/web/tests/e2e/auth.setup.ts:12:  await page.context().storageState({ path: AUTH_STORAGE_PATH }) || ./frontend/web/tests/e2e/auth-lifecycle.spec.ts:6:  test.use({ storageState: { cookies: [], origins: [] } })
Kompasmigracji/KompasMigracji	team	supabase	playwright	playwright.config.ts:8:  workers: process.env.CI ? 1 : undefined, 	playwright.config.ts:5:  fullyParallel: true,	NO	NO	NO	NO			YES	NO	24	1	0	2026-08-15	NO	NO	
KooshaPari/thegent	team	workos	playwright	docs/site/tests/playwright.config.ts:9:  workers: process.env.CI ? 1 : undefined, docs/demos/web/playwright.config.ts:12:  workers: 1,  ||SERIALDECL|| ./apps/byteport/frontend/web-next/e2e/auth/auth.setup.ts:58:setup.describe.configure({ mode: 'serial' })	docs/site/tests/playwright.config.ts:6:  fullyParallel: true,	YES	YES	NO	YES	424242;		NO	NO	0	0	1	2026-08-16	YES	YES	./apps/byteport/frontend/web-next/playwright.config.ts:45:        storageState: 'e2e/.auth/user.json', || ./apps/byteport/frontend/web-next/playwright.config.ts:54:        storageState: 'e2e/.auth/user.json', || ./apps/byteport/frontend/web-next/playwright.config.ts:63:        storageState: 'e2e/.auth/user.json',
Luigi-Faldetta/fit-log	team	clerk		ABSENT	ABSENT	NO	NO	NO	NO			NO	NO	0	0	0	2026-03-24	NO	NO	
MALOK142/cypress-realworld-app	team	auth0	cypress	ABSENT	ABSENT	YES	YES	NO	NO			YES	NO	65	10	0	2026-04-30	YES	NO	./cypress/support/auth-provider-commands/auth0.ts:16:  cy.session( || ./cypress/support/auth-provider-commands/okta.ts:65:  cy.session( || ./cypress/support/auth-provider-commands/cognito.ts:52:  cy.session(
MCPJam/inspector	team	workos	playwright	mcpjam-inspector/playwright.oauth-debugger.config.ts:19:  workers: 1, mcpjam-inspector/playwright.config.ts:20:  workers: process.env.CI ? 2 : undefined, 	mcpjam-inspector/playwright.oauth-debugger.config.ts:16:  fullyParallel: false,	NO	NO	NO	YES	424242;grant_type;		YES	NO	82	3	2139	2026-08-16	NO	NO	
MadickAngeCesar/ama-fyp	team	clerk	cypress	ABSENT	ABSENT	NO	NO	NO	NO			NO	YES	41	2	0	2026-03-14	NO	NO	
MarkKropf/payload-auth-workos	team	workos	playwright	dev/playwright.config.ts:19:  workers: process.env.CI ? 1 : undefined, playwright.config.ts:24:  workers: process.env.CI ? 1 : undefined, 	playwright.config.ts:18:  fullyParallel: true,	NO	NO	NO	NO			NO	YES	3	0	6	2026-05-12	NO	NO	
Math244244/Avantage-QUIZZ	team	firebase	playwright	playwright.config.js:24:  workers: process.env.CI ? 1 : undefined, 	playwright.config.js:21:  fullyParallel: true,	YES	YES	NO	YES	424242;		NO	YES	16	2	0	2025-11-21	DOCONLY	NO	./RAPPORT-TESTS-E2E-03-NOV-2025.md:197:  storageState: 'playwright/.auth/user.json' || ./RAPPORT-TESTS-E2E-03-NOV-2025.md:211:  await page.context().storageState({ 
MatheusSimonaci/finorg-app	team	workos	playwright	finorg/playwright.config.ts:7:  workers: process.env.CI ? 2 : 1, 	ABSENT	YES	YES	NO	YES	424242;	inbucket;	YES	NO	12	5	0	2026-07-29	YES	NO	./.aios-core/development/templates/service-template/jest.config.js:87:  // globalSetup: '<rootDir>/jest.global-setup.ts', || ./finorg/tests/results/report.json:7:    "globalSetup": null,
MathiasVogel/hslu-techradar	team	auth0	cypress	ABSENT	ABSENT	NO	NO	NO	NO		ethereal;	YES	NO	16	14	0	2026-03-05	NO	NO	
Medirate/Medirate-Testing	team	kinde	playwright	playwright.config.ts:15:  workers: process.env.CI ? 1 : undefined, 	playwright.config.ts:9:  fullyParallel: true,	NO	NO	NO	NO			NO	YES	2	0	0	2025-12-11	NO	NO	
MikeDev75015/mikeonline-cv	team	firebase	cypress	ABSENT	ABSENT	NO	NO	NO	YES	424242;		YES	YES	0	0	0	2026-03-07	NO	NO	
MyKhode/simple-online-shopping-khqr	team	supabase	cypress	ABSENT	ABSENT	NO	NO	NO	NO			NO	NO	2	1	5	2025-05-31	NO	NO	
NeuronaXSAS/MiAurora.App	team	workos	playwright	aurora-app/playwright.config.ts:8:  workers: process.env.CI ? 1 : undefined, 	aurora-app/playwright.config.ts:5:  fullyParallel: true,	NO	NO	NO	NO			YES	NO	3	2	1	2026-03-21	NO	NO	
NubiaGessi/cypress-realworld-app	team	auth0	cypress	ABSENT	ABSENT	YES	YES	NO	NO			YES	NO	59	12	0	2025-03-24	YES	NO	./cypress/support/auth-provider-commands/auth0.ts:16:  cy.session( || ./cypress/support/auth-provider-commands/okta.ts:65:  cy.session( || ./cypress/support/auth-provider-commands/cognito.ts:52:  cy.session(
OmGupta2473/moonznails	team	firebase+supabase	playwright	playwright.config.ts:8:  workers: process.env.CI ? 1 : undefined, 	playwright.config.ts:5:  fullyParallel: true,	NO	NO	NO	YES			YES	NO	2	2	0	2026-07-16	NO	NO	
OmuNaman/hackerai-local-selfhost	team	workos	playwright	playwright.config.ts:24:  workers: 3, // Allow 3 concurrent workers (one per tier spec) 	playwright.config.ts:21:  fullyParallel: true, // Run spec files in parallel (each tier uses different user)	YES	YES	YES	NO			YES	YES	45	2	0	2026-07-30	YES	NO	./e2e/chat-agent.spec.ts:25:    test.use({ storageState: AUTH_STORAGE_PATHS.pro }); || ./e2e/chat-agent.spec.ts:150:    test.use({ storageState: AUTH_STORAGE_PATHS.ultra }); || ./e2e/chat-switching.spec.ts:21:  test.use({ storageState: AUTH_STORAGE_PATHS.pro });
Orbital-InstaFood/InstaFood	team	firebase	cypress	ABSENT	ABSENT	NO	NO	NO	YES			YES	NO	11	4	0	2025-08-30	NO	NO	
OzGyptian/Mend	team	firebase	playwright	playwright.vercel.config.ts:11:  workers: 1, playwright.config.ts:23:  workers: process.env.CI ? 1 : undefined, 	playwright.config.ts:20:  fullyParallel: true,	YES	YES	NO	YES			YES	NO	43	3	0	2026-07-29	YES	NO	./tests/e2e/setup/auth.setup.ts:3: * Not used for storageState — Firebase stores auth in IndexedDB which Playwright can't persist. || ./tests/e2e/live/auth.spec.ts:5:test.use({ storageState: { cookies: [], origins: [] } });
PBLIZZ/portfolio-tracker	team	clerk	playwright	playwright.config.ts:9:  workers: 1,  ||SERIALDECL|| ./e2e/auth.setup.ts:11:setup.describe.configure({ mode: "serial" });	playwright.config.ts:7:  fullyParallel: false,	YES	NO	YES	YES	+clerk_test;		NO	NO	16	1	0	2026-06-18	YES	YES	./playwright.config.ts:26:        storageState: ".playwright/.clerk/user.json", || ./e2e/auth.setup.ts:23:    await page.context().storageState({ path: e2eAuthStatePath });
PacMac-Mobile-LLC/P3-Lending-Protocol2	team	supabase	playwright	ABSENT	playwright.config.ts:9:  fullyParallel: true,	NO	NO	NO	NO		inbucket;	YES	NO	16	4	1	2026-02-17	NO	NO	
PackmindHub/packmind	team	workos	playwright	ABSENT	ABSENT	NO	NO	NO	YES	424242;		NO	NO	0	0	307	2026-08-15	NO	NO	
Plant-for-the-Planet-org/planet-webapp	team	auth0	cypress	ABSENT	ABSENT	NO	NO	NO	YES	424242;		YES	NO	2	0	42	2026-08-14	NO	NO	
QRun-IO/qqq-frontend-next	team	auth0	playwright	playwright.config.ts:8:  workers: process.env.CI ? 1 : undefined, 	playwright.config.ts:5:  fullyParallel: true,	NO	NO	NO	YES	424242;		YES	NO	21	0	0	2026-07-12	NO	NO	
Qbiak-code/stafford-thai-boxing-gym	team	supabase	cypress	ABSENT	ABSENT	NO	NO	NO	NO			NO	NO	2	0	0	2025-08-31	NO	NO	
RSSAgents/tandem	team	supabase	cypress	ABSENT	ABSENT	NO	NO	NO	NO			YES	NO	8	4	0	2026-04-09	NO	NO	
RUSTYBM7/shipnow-portal	team	supabase	playwright	playwright.config.ts:8:  workers: process.env.CI ? 1 : undefined, 	playwright.config.ts:5:  fullyParallel: true,	NO	NO	NO	YES	424242;		YES	NO	4	2	0	2026-05-28	NO	NO	
Radit024/toorock.verse	team	supabase	playwright	ABSENT	ABSENT	NO	NO	NO	NO			NO	NO	1	0	0	2026-04-05	NO	NO	
RegulomeDB/regulome-ui	team	auth0	cypress	ABSENT	ABSENT	NO	NO	NO	NO			NO	NO	22	1	0	2026-06-08	NO	NO	
RiploData/riplo-evals-battleground	team	workos	playwright	playwright.config.ts:8:  workers: process.env.CI ? 1 : undefined, 	playwright.config.ts:5:  fullyParallel: true,	YES	NO	NO	NO			YES	NO	28	1	0	2026-06-25	YES	NO	./vitest.config.ts:14:    globalSetup: './tests/global-setup.ts',
Rise-Republic/Websets	team	workos	playwright	ABSENT	ABSENT	NO	NO	NO	NO			YES	NO	8	1	0	2025-10-27	NO	NO	
RoleModel/betanxt-issuer-portal	team	supabase	playwright	mock-api-server/playwright.config.ts:18:  workers: process.env.CI ? 1 : undefined, issuer-portal/playwright.config.ts:17:  workers: process.env.CI ? 1 : undefined, 	mock-api-server/playwright.config.ts:12:  fullyParallel: true,	YES	NO	NO	YES	424242;		YES	YES	40	2	0	2026-08-14	YES	YES	./mock-api-server/tests/setup.ts:7:export default function globalSetup() { || ./mock-api-server/playwright.config.ts:10:  globalSetup: path.resolve(import.meta.dirname, "tests/setup.ts"),
RyanLisse/rra-v2	team	kinde	playwright	playwright.config.standalone.ts:16:  workers: process.env.CI ? 1 : undefined, playwright.config.simple.ts:8:  workers: 1,  ||SERIALDECL|| ./tests/e2e/complete-system-test.spec.ts:4:  test.describe.configure({ mode: 'serial' }); // Run tests sequentially to a	playwright.config.standalone.ts:7:  fullyParallel: true,	YES	YES	YES	YES	424242;		YES	YES	112	16	0	2025-12-15	YES	YES	./tests/helpers.ts:60:  await context.storageState({ path: storageFile }); || ./tests/helpers.ts:63:  const newContext = await browser.newContext({ storageState: storageFile }); || ./tests/config/playwright-setup.ts:10:async function globalSetup(config: FullConfig) {
SDG-AI-Lab/Digital_Technologies_Radar	team	supabase	cypress	ABSENT	ABSENT	NO	NO	NO	NO			NO	NO	9	0	16	2025-12-16	NO	NO	
SIO-Delhi/sio-delhi.github.io	team	clerk	playwright	playwright.config.ts:8:  workers: process.env.CI ? 1 : undefined, 	playwright.config.ts:5:  fullyParallel: true,	NO	NO	NO	YES	424242;		NO	NO	14	4	1	2026-06-14	NO	NO	
SantiLopezLasheras/kotoba	team	kinde	playwright	playwright.config.ts:23:  workers: process.env.CI ? 1 : undefined, 	playwright.config.ts:17:  fullyParallel: true,	NO	NO	NO	NO			NO	YES	1	0	0	2025-05-16	NO	NO	
Shadowfiend2504/consumo-servicios-pwa	team	firebase	playwright	ABSENT	ABSENT	NO	NO	NO	NO			NO	NO	7	6	0	2026-08-15	NO	NO	
THallerJ/tab-machine	team	auth0	playwright	playwright.config.ts:18:  workers: process.env.CI ? 1 : undefined, 	playwright.config.ts:14:  fullyParallel: true,	YES	YES	YES	NO			NO	YES	14	4	0	2025-06-01	YES	YES	./e2e/fixtures/no_auth.ts:7:  // storageState: { cookies: [], origins: [] }, || ./e2e/fixtures/common/fixture_functions.ts:79:    const context = await browser.newContext({ storageState: filepath }); || ./e2e/pages/login_page/login_page.ts:32:      .storageState({ path: `./e2e/storage/${filename}` });
TICIANOTAUP12/gestiona-misan	team	supabase	cypress	ABSENT	ABSENT	NO	NO	NO	NO			NO	NO	4	4	0	2026-06-09	NO	NO	
TanyaTandon/the-bulletin	team	clerk+stytch	cypress	ABSENT	ABSENT	NO	NO	NO	NO			NO	NO	0	0	0	2026-03-17	NO	NO	
TonyRHouston/PyIntervalServ	team	workos	playwright	playwright.config.ts:31:  workers: getWorkers(), playwright.config.ts:51: * This can be overridden using the `--workers` command line argument if 	ABSENT	YES	YES	NO	NO			YES	YES	13	1	0	2026-02-13	YES	YES	./test/_setup.ts:121:  await page.context().storageState({ path: login.sessionPath }) || ./test/app/signup.test.ts:171:      storageState: undefined, || ./test/app/actionAccess.test.ts:77:        storageState: { cookies: [], origins: [] },
TravisJ33304/lithos	team	supabase	playwright	client/playwright.config.ts:10: workers: process.env.CI ? 1 : undefined, 	client/playwright.config.ts:7: fullyParallel: true,	NO	NO	NO	NO		inbucket;	NO	NO	2	2	0	2026-06-02	NO	NO	
Untrivial-ai/agent-orchestrator	team	workos	playwright	test/e2e-pod/playwright.electron.config.ts:12: workers: 1, 	ABSENT	NO	NO	NO	YES	424242;		YES	YES	21	1	9548	2026-08-16	NO	NO	
VansRouges/RBAC	team	auth0	cypress	ABSENT	ABSENT	NO	NO	NO	NO			NO	NO	22	22	0	2025-08-24	NO	NO	
YosemiteCrew/Yosemite-Crew	team	supertokens	playwright	apps/frontend/playwright.config.ts:8:  workers: process.env.CI ? 1 : undefined, apps/desktop/playwright.config.ts:7:  workers: 1, 	apps/frontend/playwright.config.ts:5:  fullyParallel: true,	YES	YES	NO	YES	424242;		YES	YES	796	33	2038	2026-08-16	YES	NO	./apps/frontend/jest.config.ts:133:  // globalSetup: undefined, || ./apps/mobileAppYC/e2e/jest.config.js:7:  globalSetup: 'detox/runners/jest/globalSetup',
Znorlux/uquick	team	kinde	cypress	ABSENT	ABSENT	NO	NO	NO	NO			NO	NO	18	1	0	2025-05-20	NO	NO	
a-zahi2002/Capstone---URMS	team	firebase	playwright	playwright.config.ts:15:  workers: 1, 	playwright.config.ts:9:  fullyParallel: false,	NO	NO	NO	NO			NO	YES	18	2	1	2026-08-12	NO	NO	
aaron-howard/service-certify	team	workos	playwright	playwright.config.ts:21: workers: process.env.CI ? 1 : undefined, 	playwright.config.ts:15: fullyParallel: true,	NO	NO	NO	YES	424242;		NO	YES	8	2	1	2026-08-12	NO	NO	
aliaksei-lyzo/github-copilot-workshop	team	auth0	playwright+cypress	playwright.config.ts:23:  workers: process.env.CI ? 1 : undefined, 	playwright.config.ts:17:  fullyParallel: true,	YES	YES	NO	NO			YES	YES	52	10	0	2025-12-04	YES	NO	./cypress/support/auth-provider-commands/auth0.ts:16:  cy.session( || ./cypress/support/auth-provider-commands/okta.ts:65:  cy.session( || ./cypress/support/auth-provider-commands/cognito.ts:52:  cy.session(
amirrudd/flyerboard	team	descope	playwright	playwright.config.ts:8:    workers: process.env.CI ? 1 : undefined, 	playwright.config.ts:5:    fullyParallel: true,	YES	YES	NO	NO			YES	NO	8	1	0	2026-08-14	YES	NO	./.gitignore:31:# Playwright auth fixtures (storageState) — never commit || ./e2e/layout.spec.ts:62:// A real post-ad snapshot needs an authenticated storageState fixture — see || ./e2e/layout.spec.ts:108:// Dashboard/messaging flows require an authenticated storageState fixture —
anietieakpan/kazuq	team	supertokens	playwright+cypress	apps/web/playwright-visual.config.ts:16:  workers: process.env.CI ? 1 : undefined, 	apps/web/playwright-visual.config.ts:10:  fullyParallel: true,	YES	YES	NO	YES	424242;	mailhog;mailtrap;	YES	YES	8	2	0	2026-07-08	YES	YES	./test-infrastructure/e2e-frontend/tests/playwright/web/playwright.config.ts:77:  globalSetup: require.resolve('./global-setup'), || ./jest.config.integration.js:21:  globalSetup: '<rootDir>/tests/setup/global.setup.js', || ./packages/testing/src/index.ts:82:  static async globalSetup() {
annasvst/ecom-100125	team	auth0	playwright	playwright.config.ts:24:  workers: process.env.CI ? 1 : undefined, 	playwright.config.ts:18:  fullyParallel: true,	YES	YES	NO	NO			NO	YES	4	0	0	2025-12-11	YES	NO	./e2e-tests/auth.setup.ts:21:  await page.context().storageState({ path: AUTH_FILE }); || ./e2e-tests/auth.setup.ts:25:  storageState: async ({}, _use) => { || ./jest.config.ts:70:  // globalSetup: undefined,
ariakit/ariakit	team	clerk	playwright	app/playwright.config.ts:34:  workers: HEADED || PERF ? 1 : CI ? "100%" : "80%", website/playwright.config.ts:19:  workers: HEADED ? 1 : CI ? "100%" : "80%", 	app/playwright.config.ts:33:  fullyParallel: !HEADED && !PERF,	NO	NO	NO	YES	+clerk_test;424242;		NO	YES	0	0	8596	2026-08-15	NO	NO	
arii/tech-dancer	team	firebase	playwright	playwright.config.ts:17:  workers: process.env.CI ? 1 : undefined, 	playwright.config.ts:11:  fullyParallel: true,	NO	NO	NO	NO			NO	YES	37	0	0	2026-08-16	NO	NO	
ast4rt3/it35-lab	team	supabase	cypress	ABSENT	ABSENT	NO	NO	NO	NO			NO	NO	2	0	1	2025-05-13	NO	NO	
auredentan/sport-meetup	team	workos	playwright	playwright.config.ts:11:  workers: process.env.CI ? 1 : undefined, 	playwright.config.ts:8:  fullyParallel: true,	NO	NO	NO	NO			NO	NO	5	3	0	2026-02-25	NO	NO	
awjh/home-automation-frontend-v2	team	stytch	cypress	ABSENT	ABSENT	YES	YES	NO	NO			NO	NO	4	4	0	2026-06-13	YES	NO	./cypress/support/commands.ts:80:            return cy.session(
ben-horner-dev/portfolio	team	auth0	playwright	apps/frontend/playwright.config.ts:16:  workers: process.env.CI ? 1 : undefined, 	apps/frontend/playwright.config.ts:13:  fullyParallel: true,	NO	NO	NO	NO			NO	NO	2	0	0	2026-02-13	NO	NO	
blacktails2/BraceBracket	team	firebase	playwright	playwright.config.ts:8:  workers: process.env.CI ? 1 : undefined, 	playwright.config.ts:5:  fullyParallel: true,	NO	NO	NO	NO			NO	NO	0	0	13	2026-08-02	NO	NO	
caioquirino/fullstack_template	team	stytch	playwright	ABSENT	ABSENT	YES	NO	NO	NO			NO	NO	1	0	2	2025-06-30	YES	NO	./apps/backend-e2e/jest.config.ts:12:  globalSetup: '<rootDir>/src/support/global-setup.ts',
catmando1990-hue/reconai-frontend-v2	team	clerk	playwright	playwright.config.ts:8:  workers: process.env.CI ? 4 : undefined, 	ABSENT	YES	YES	YES	YES	424242;		YES	NO	7	3	0	2026-04-16	YES	YES	./tests/auth/base.ts:8:      storageState: "playwright-auth-state.json", || ./scripts/seed-playwright-auth.mjs:106:  const storageState = { || ./scripts/seed-playwright-auth.mjs:139:  fs.writeFileSync(outPath, JSON.stringify(storageState, null, 2));
cdraarsh/fittrack-app	team	clerk+supabase	playwright	playwright.config.ts:8:  workers: process.env.CI ? 1 : undefined,  ||SERIALDECL|| ./e2e/weight.spec.ts:5:test.describe.configure({ mode: 'serial' });	playwright.config.ts:5:  fullyParallel: true,	YES	YES	YES	YES	clerkSetup;setupClerkTestingToken;		NO	NO	9	0	0	2026-04-22	YES	YES	./e2e/photo.spec.ts:5:test.use({ storageState: 'e2e/.auth/user.json' }); || ./e2e/auth.setup.ts:30:  // so the storageState captures a fully-onboarded session. || ./e2e/auth.setup.ts:55:  await page.context().storageState({ path: authFile });
cedar-admin/cedar	team	workos	playwright	ABSENT	ABSENT	NO	NO	NO	NO			NO	NO	2	1	0	2026-03-26	NO	NO	
cgallati/everything-zen	team	auth0	cypress	ABSENT	ABSENT	NO	NO	NO	NO			NO	NO	2	0	0	2026-03-08	NO	NO	
cgpeterson/BeyondTheVale	team	firebase	playwright	ABSENT	playwright.config.js:6:    fullyParallel: true,	NO	NO	NO	NO			NO	NO	11	0	0	2026-08-06	NO	NO	
chili-publish/studio-ui	team	auth0	playwright	playwright.config.ts:47:    workers: process.env.CI ? 4 : undefined, 	ABSENT	NO	NO	NO	NO			YES	NO	83	2	12	2026-08-14	NO	NO	
chirag127/omnijournal	team	firebase	playwright	apps/web/playwright.config.ts:8:  workers: process.env.CI ? 1 : undefined, 	apps/web/playwright.config.ts:5:  fullyParallel: true,	NO	NO	NO	NO			YES	NO	4	1	2	2026-08-14	NO	NO	
chirag127/oriz-me	team	clerk	playwright	playwright.config.ts:8:  workers: process.env.CI ? 2 : undefined, 	playwright.config.ts:5:  fullyParallel: true,	NO	NO	NO	NO			NO	NO	2	0	1	2026-08-16	NO	NO	
chrisalexan06/SMBLCC-SOEN-341-Project-W26	team	clerk	playwright	nutrition-flow/playwright.config.ts:13:  workers: process.env.CI ? 1 : undefined, playwright.config.ts:8:  workers: process.env.CI ? 1 : undefined, 	nutrition-flow/playwright.config.ts:10:  fullyParallel: true,	NO	NO	NO	YES	+clerk_test;		NO	NO	1	1	0	2026-04-14	NO	NO	
chrisamador/unity-house	team	workos	playwright	playwright.config.ts:8:  workers: process.env.CI ? 1 : undefined, 	playwright.config.ts:5:  fullyParallel: true,	NO	NO	NO	NO			NO	NO	5	1	0	2025-09-28	NO	NO	
chrizzy-x/Agent-OS	team	supabase	playwright	playwright.config.ts:6:  workers: Number(process.env.PLAYWRIGHT_WORKERS ?? '1'), 	ABSENT	NO	NO	NO	NO			YES	YES	225	12	0	2026-08-15	NO	NO	
clerk/clerk-playwright-nextjs	vendor	clerk	playwright	ABSENT ||SERIALDECL|| ./e2e/global.setup.ts:9:  mode: "serial",	ABSENT	YES	YES	YES	YES	+clerk_test;424242;setupClerkTestingToken;		YES	NO	2	1	24	2026-05-19	YES	YES	./playwright.config.ts:50:        storageState: "playwright/.clerk/user.json", || ./e2e/global.setup.ts:82:  await page.context().storageState({ path: authFile });
codeabode101/robocode	team	workos	playwright	playwright.config.ts:8:  workers: process.env.CI ? 1 : undefined, playwright.config.ts:12:    baseURL: 'https://robocode.rahejaom.workers.dev', 	playwright.config.ts:5:  fullyParallel: true,	NO	NO	NO	YES	424242;		YES	YES	10	9	0	2026-08-09	NO	NO	
codelagoon/avarentdemo	team	workos	playwright	legacy/playwright.config.ts:12:  workers: process.env.CI ? 1 : undefined, 	legacy/playwright.config.ts:9:  fullyParallel: true,	NO	NO	NO	NO			NO	NO	6	1	0	2026-06-24	NO	NO	
connectionmz/connection-master	team	firebase	cypress	ABSENT	ABSENT	NO	NO	NO	YES			NO	NO	41	2	0	2026-07-27	NO	NO	
coydevs/policyjar	team	supabase	playwright	ABSENT	playwright.config.ts:8:  fullyParallel: true,	NO	NO	NO	NO			YES	NO	178	9	3	2026-06-01	NO	NO	
dandyson/waygenie	team	auth0	cypress	ABSENT	ABSENT	NO	NO	NO	YES	grant_type;		NO	NO	6	6	0	2026-07-07	NO	NO	
dawi369/assistant-mk1	team	workos	playwright	playwright.config.ts:23:  workers: 1, 	playwright.config.ts:20:  fullyParallel: false,	NO	NO	NO	NO			NO	NO	14	2	0	2026-08-16	NO	NO	
descope-sample-apps/b2b-react-sample-app	vendor	descope	cypress	ABSENT	ABSENT	NO	NO	NO	NO			YES	NO	2	2	38	2026-08-12	NO	NO	
descope-sample-apps/b2c-retail-sample-app	vendor	descope	cypress	ABSENT	ABSENT	NO	NO	NO	NO			YES	NO	4	2	43	2026-08-12	NO	NO	
descope-sample-apps/descope-playwright-react-example	vendor	descope	playwright	ABSENT	ABSENT	YES	NO	NO	NO			YES	NO	1	0	40	2026-08-15	YES	YES	./playwright.config.ts:11:    storageState: "playwright/.auth/user.json", || ./e2e/auth.setup.ts:67:  await page.context().storageState({ path: authFile }); || ./playwright.config.ts:20:  globalSetup: require.resolve("./e2e/auth.setup"),
descope-sample-apps/linkedin-sample-app	vendor	descope	cypress	ABSENT	ABSENT	NO	NO	NO	NO			YES	NO	2	2	31	2026-08-14	NO	NO	
descope-sample-apps/next-js-sample-app	vendor	descope	cypress	ABSENT	ABSENT	NO	NO	NO	NO			YES	NO	2	2	39	2026-08-14	NO	NO	
descope-sample-apps/peek-a-box-b2c-sample-app	vendor	descope	cypress	ABSENT	ABSENT	NO	NO	NO	NO			NO	NO	8	2	7	2026-07-29	NO	NO	
dev-pd/evercurrent	team	auth0	playwright	apps/web/playwright.config.ts:8:  workers: process.env.CI ? 1 : undefined, 	apps/web/playwright.config.ts:5:  fullyParallel: true,	NO	NO	NO	NO			YES	NO	5	1	0	2026-06-26	NO	NO	
districtr/districtr-v2	team	auth0	playwright	app/playwright.config.ts:36:  workers: process.env.CI ? 1 : undefined, 	app/playwright.config.ts:27:  fullyParallel: true,	YES	NO	NO	NO			YES	YES	30	0	6	2026-08-14	YES	YES	./app/playwright.config.ts:93:  globalSetup: isLocal ? './e2e/global-setup.ts' : undefined, || ./app/e2e/global-setup.ts:56:async function globalSetup(config: FullConfig): Promise<void> { || ./app/e2e/global-setup.ts:147:export default globalSetup;
dolthead/vue-components	team	firebase	cypress	ABSENT	ABSENT	NO	NO	NO	YES	424242;		NO	NO	1	0	8	2026-04-21	NO	NO	
douglasswmcst/teledoc	team	workos	playwright	playwright.config.ts:8:  workers: process.env.CI ? 1 : undefined, 	playwright.config.ts:5:  fullyParallel: true,	NO	NO	NO	NO			YES	NO	23	9	0	2025-10-17	NO	NO	
dr3amwavemedia/waveos-content-hub	team	supabase	playwright	ABSENT	playwright.config.ts:19:  fullyParallel: true,	YES	NO	NO	NO			NO	NO	6	4	0	2026-08-14	YES	YES	./playwright.config.ts:14: * tests/e2e/.auth/state.json produced by `storageState`. Tests that
drifter089/orgOS	team	workos	playwright	playwright.config.ts:29:  workers: process.env.CI ? 1 : undefined, 	playwright.config.ts:23:  fullyParallel: true,	YES	YES	NO	NO		mailtrap;	YES	YES	4	2	0	2026-01-11	YES	YES	./tests/global-setup.ts:97:    await context.storageState({ path: userStatePath }); || ./tests/global-setup.ts:123:    // await adminContext.storageState({ path: adminStatePath }); || ./tests/global-setup.ts:148:    // await paidContext.storageState({ path: paidStatePath });
drmoyassine/frontbase-dbsync	team	supertokens	playwright	playwright.config.ts:23:  workers: process.env.CI ? 1 : undefined, 	playwright.config.ts:20:  fullyParallel: true,	NO	NO	NO	NO			YES	NO	4	1	0	2026-08-06	NO	NO	
dtinth/auden	team	firebase	playwright	playwright.config.ts:23:  workers: process.env.CI ? 1 : undefined, 	playwright.config.ts:17:  fullyParallel: true,	NO	NO	NO	YES			NO	YES	5	0	33	2026-03-11	NO	NO	
eduardoarantes/athlete-ai-analysis-e2e	team	descope	playwright	config/playwright.config.ts:32:  workers: process.env.CI ? 2 : undefined, 	config/playwright.config.ts:29:  fullyParallel: true,	NO	NO	NO	NO		mailpit;	YES	NO	4	3	0	2026-05-23	NO	NO	
ekrolewicz6/portland-civic-lab	team	workos	playwright	ABSENT	ABSENT	NO	NO	NO	NO			NO	NO	1	1	0	2026-08-14	NO	NO	
embreymorton/CS-Grad-Tracker	team	auth0	cypress	ABSENT	ABSENT	YES	YES	NO	NO		ethereal;	NO	NO	36	4	0	2025-03-28	YES	NO	./cypress/e2e/formTests/SemesterProgressReport.cy.js:47:    cy.session('admin_session', () => { || ./cypress/e2e/formTests/SemesterProgressReport.cy.js:61:    cy.session('admin_session2', () => { || ./cypress/e2e/formTests/SemesterProgressReport.cy.js:77:    cy.session('student_session', () => {
emiliorivera747/supabase-authentication-nextjs-starter	team	supabase	cypress	ABSENT	ABSENT	NO	NO	NO	NO			YES	NO	9	7	1	2025-12-16	NO	NO	
engmsaleh/deploy-claw	team	workos	playwright	playwright.config.ts:8:  workers: process.env.CI ? 1 : undefined, 	playwright.config.ts:5:  fullyParallel: true,	NO	NO	NO	NO			NO	NO	7	0	0	2026-04-07	NO	NO	
eross0220/NextAuth-BoilerPlate	team	supabase	cypress	ABSENT	ABSENT	NO	NO	NO	NO			YES	NO	4	4	0	2025-06-18	NO	NO	
ethanmurray/ai-evangelizer	team	supabase	playwright	playwright.config.ts:8:  workers: process.env.CI ? 1 : undefined, 	playwright.config.ts:5:  fullyParallel: true,	NO	NO	NO	NO		inbucket;	YES	NO	1	1	0	2026-03-13	NO	NO	
f739/cook-and-keep	team	auth0	playwright	ABSENT	ABSENT	NO	NO	NO	NO			NO	NO	4	1	0	2025-05-25	NO	NO	
franktinana/vibelab-kids	team	supabase	playwright	playwright.config.ts:8:  workers: process.env.CI ? 1 : undefined, 	playwright.config.ts:5:  fullyParallel: true,	NO	NO	NO	NO			YES	NO	1	1	0	2026-01-03	NO	NO	
frontend-from-0/group181223-files	team	auth0	playwright	Lesson48/recipe-app-nextjs/playwright.config.ts:23:  workers: process.env.CI ? 1 : undefined, Lesson47/recipe-app-nextjs/playwright.config.ts:23:  workers: process.env.CI ? 1 : undefined, 	Lesson48/recipe-app-nextjs/playwright.config.ts:17:  fullyParallel: true,	NO	NO	NO	NO			NO	YES	4	0	4	2025-08-11	NO	NO	
fspiritosi/terra_energy	team	supabase	cypress	ABSENT	ABSENT	YES	YES	NO	NO			NO	NO	2	2	0	2026-01-27	YES	NO	./cypress/support/e2e.ts:4:  cy.session(
genesiscz/GenesisTools	team	workos	playwright	src/dev-dashboard/tests/playwright.config.ts:13:    workers: 1, 	src/dev-dashboard/tests/playwright.config.ts:12:    fullyParallel: false,	YES	YES	NO	YES	424242;	inbucket;	YES	NO	31	2	7	2026-08-16	YES	YES	./src/dashboard/apps/web/playwright.config.ts:8: * tests need NO login / storageState — they just navigate. See || ./src/dev-dashboard/tests/global-setup.ts:8:export default async function globalSetup(): Promise<void> { || ./src/dev-dashboard/tests/playwright.config.ts:8:    globalSetup: `${import.meta.dirname}/global-setup.ts`,
gg-mo/agent-tea	team	supabase	playwright	ABSENT	playwright.config.ts:6:  fullyParallel: true,	NO	NO	NO	NO			NO	NO	2	0	2	2026-04-21	NO	NO	
giacomoguidotto/blueprint	team	workos	playwright	playwright.config.ts:11:  workers: process.env.CI ? 1 : undefined,  ||SERIALDECL|| ./e2e/tasks.spec.ts:20:  test.describe.configure({ mode: "serial" });	playwright.config.ts:8:  fullyParallel: true,	YES	YES	YES	NO			YES	NO	4	2	5	2026-08-15	YES	YES	./playwright.config.ts:34:        storageState: "e2e/.auth/user.json", || ./e2e/auth.setup.ts:43:  await page.context().storageState({ path: authFile });
gumacahin/mis-capstone	team	auth0	playwright	ui/playwright.config.ts:19:  workers: process.env.CI ? 1 : undefined, ui/playwright.real-backend.config.ts:29:  workers: 1, 	ui/playwright.config.ts:13:  fullyParallel: true,	YES	YES	YES	NO			YES	YES	25	0	0	2026-07-06	YES	YES	./ui/tests/setup/auth.setup.ts:204:  await page.context().storageState({ path: authFile }); || ./ui/tests/setup/auth.setup.ts:205:  console.log("[setup] Saved storageState to", authFile); || ./ui/playwright.config.ts:57:      use: { storageState: authFile },
gurezo/portal	team	firebase	playwright	ABSENT	ABSENT	NO	NO	NO	NO			NO	NO	0	0	0	2026-08-01	NO	NO	
harvouscom/harvous	team	clerk	playwright	ABSENT ||SERIALDECL|| ./e2e/shared-spaces-ui.spec.ts:45:test.describe.configure({ mode: 'serial' });	ABSENT	YES	NO	NO	YES	clerkSetup;grant_type;setupClerkTestingToken;testing token;testing_token;TestingToken;	inbucket;	YES	NO	262	2	16	2026-08-15	YES	YES	./playwright.config.ts:77:  globalSetup: './e2e/global-setup.ts', || ./e2e/global-setup.ts:19:export default async function globalSetup() {
humoyun-dev/filter-ai	team	clerk	playwright	ABSENT	ABSENT	NO	NO	NO	NO			NO	NO	8	0	0	2025-12-23	NO	NO	
iiiamken/dokubot	team	kinde	playwright	playwright.config.ts:11:  workers: process.env.CI ? 1 : undefined, 	playwright.config.ts:8:  fullyParallel: true,	NO	NO	NO	NO			YES	NO	18	3	0	2025-08-25	NO	NO	
imnotannamaria/anna.maria.dev	team	workos	playwright	ABSENT ||SERIALDECL|| ./tests/e2e/admin-crud.spec.ts:5:test.describe.configure({ mode: "serial" })	playwright.config.ts:26:  fullyParallel: true,	YES	YES	NO	NO			NO	NO	6	4	1	2026-08-15	YES	YES	./playwright/global-setup.ts:26:export default async function globalSetup() { || ./playwright.config.ts:25:  globalSetup: "./playwright/global-setup.ts",
intelogroup/ugent	team	workos	playwright	playwright.config.ts:8:  workers: process.env.CI ? 1 : undefined, 	playwright.config.ts:5:  fullyParallel: true,	NO	NO	NO	NO			YES	NO	39	5	0	2026-03-31	NO	NO	
jamerson-mt/rotaverde-web	team	firebase	cypress	ABSENT	ABSENT	NO	NO	NO	NO			NO	NO	4	0	1	2026-06-25	NO	NO	
jax-a11y/skintwin-customer-portal	team	workos	playwright	ABSENT	playwright.config.ts:11:  fullyParallel: true,	NO	NO	NO	NO			NO	NO	4	3	0	2026-07-16	NO	NO	
jay-sahnan/signal	team	clerk	playwright	playwright.config.ts:11:  workers: 1, // sequential -- tests share DB state 	ABSENT	YES	NO	NO	YES	+clerk_test;424242;clerkSetup;setupClerkTestingToken;	inbucket;	YES	YES	137	2	308	2026-08-16	YES	YES	./playwright.config.ts:8:  globalSetup: "./e2e/global-setup.ts", || ./e2e/global-setup.ts:6:export default async function globalSetup() {
jjohngrey/split	team	auth0	playwright	ABSENT	playwright.config.ts:5:  fullyParallel: false,	NO	NO	NO	NO			NO	NO	2	0	0	2026-07-19	NO	NO	
jmhumblet/candidate-schedule	team	firebase	playwright	playwright.config.ts:8:  workers: process.env.CI ? 1 : undefined,	NA	NA	NA	NA	NA	NA	NA	NA	NA	NA	NA	NA	NA	NO	NO	
johnpolacek/vibecode-party-starter	team	clerk	playwright	starter/playwright.config.ts:26:  workers: 1, 	starter/playwright.config.ts:20:  fullyParallel: false,	YES	YES	NO	YES	clerkSetup;		YES	YES	4	1	3	2025-05-27	YES	YES	./starter/tests/global-setup.ts:6:export default async function globalSetup() { || ./starter/playwright.config.ts:85:  globalSetup: process.env.PLAYWRIGHT_UI_MODE ? undefined : './tests/global-setup.ts',
joncoronel/skillbundle	team	clerk	playwright	playwright.config.ts:60:  workers: process.env.CI ? 1 : undefined, 	playwright.config.ts:57:  fullyParallel: true,	YES	YES	YES	YES	+clerk_test;424242;clerkSetup;Testing Token;		YES	NO	39	4	1	2026-08-16	YES	YES	./playwright.config.ts:103:              storageState: STORAGE_STATE, || ./e2e/auth.setup.ts:78:  await page.context().storageState({ path: STORAGE_STATE });
josh803316/lll-experience	team	clerk	playwright	ABSENT	ABSENT	NO	NO	NO	YES	+clerk_test;424242;		YES	NO	0	0	0	2026-08-15	NO	NO	
juanblas09/socios	team	auth0	cypress	ABSENT	ABSENT	NO	NO	NO	NO			NO	NO	2	2	0	2025-09-25	NO	NO	
justinmiller62/Parvus-Ordo	team	workos	playwright	apps/web/playwright.config.ts:11:  workers: 1, 	apps/web/playwright.config.ts:10:  fullyParallel: false,	NO	NO	NO	NO			NO	YES	1	1	0	2026-06-02	NO	NO	
katsugtgz/eduadmin-pro	team	workos	playwright	playwright.config.ts:22:  workers: process.env.CI ? 1 : undefined, 	playwright.config.ts:19:  fullyParallel: true,	NO	NO	NO	NO			NO	YES	2	2	0	2026-08-05	NO	NO	
kelvinhe04/healthora	team	clerk	playwright	frontend/playwright.config.ts:8:  workers: process.env.CI ? 1 : undefined, 	frontend/playwright.config.ts:5:  fullyParallel: true,	NO	NO	NO	NO			NO	NO	19	0	1	2026-08-11	NO	NO	
kil-dev/kil.dev	team	workos	playwright	playwright.config.ts:44:  workers: undefined, 	playwright.config.ts:42:  fullyParallel: true,	NO	NO	NO	NO			NO	NO	50	0	1	2026-08-11	NO	NO	
kpunith8/learn-math-tables	team	kinde	playwright	playwright.config.ts:8:  workers: process.env.CI ? 1 : undefined, 	playwright.config.ts:5:  fullyParallel: true,	NO	NO	NO	YES	424242;		NO	NO	6	2	0	2026-08-15	NO	NO	
krishna1s/react-app	team	auth0	playwright+cypress	playwright.local.config.ts:15:  workers: process.env.CI ? 1 : undefined, playwright.config.ts:15:  workers: process.env.CI ? 1 : undefined, 	playwright.local.config.ts:9:  fullyParallel: true,	YES	YES	YES	NO			YES	YES	67	12	0	2025-08-08	YES	NO	./cypress/support/auth-provider-commands/auth0.ts:16:  cy.session( || ./cypress/support/auth-provider-commands/okta.ts:65:  cy.session( || ./cypress/support/auth-provider-commands/cognito.ts:52:  cy.session(
kudith/e-voting	team	kinde	cypress	ABSENT	ABSENT	YES	YES	NO	NO			YES	NO	36	3	0	2025-11-19	YES	NO	./cypress/support/commands.js:7:  cy.session(
kurosawa-kuro/enviroment	team	clerk		ABSENT	ABSENT	NO	NO	NO	NO			NO	NO	0	0	0	2026-05-31	NO	NO	
lassestilvang/dayflow-minimax-m2	team	workos	playwright	playwright.config.ts:8:  workers: process.env.CI ? 1 : undefined, 	playwright.config.ts:5:  fullyParallel: true,	NO	NO	NO	NO			YES	NO	24	2	0	2025-11-06	NO	NO	
lassestilvang/todo-gemini-3-pro-preview	team	workos	playwright	playwright.config.ts:24:  workers: process.env.CI ? 1 : undefined, 	playwright.config.ts:15:  fullyParallel: true,	NO	NO	NO	NO			YES	YES	53	7	0	2026-08-10	NO	NO	
leoogomez7/digital-commerce-hub-main	team	kinde	playwright	playwright.config.ts:8:  workers: process.env.CI ? 1 : undefined, 	playwright.config.ts:5:  fullyParallel: true,	NO	NO	NO	NO			NO	NO	1	0	0	2026-07-21	NO	NO	
liorwn/workscanner	team	clerk	playwright	ABSENT	ABSENT	NO	NO	NO	NO			YES	NO	60	1	0	2026-08-03	NO	NO	
lizardkingLK/alice	team	supabase	cypress	ABSENT	ABSENT	NO	NO	NO	NO			YES	YES	52	6	1	2026-08-16	NO	NO	
lleonori/gymnasium-ionic	team	auth0	playwright	playwright.config.ts:23:  workers: process.env.CI ? 1 : undefined, 	playwright.config.ts:17:  fullyParallel: true,	YES	YES	NO	NO			NO	YES	9	4	0	2026-07-22	YES	YES	./playwright.config.ts:42:        storageState: ".auth/storageState.system-administrator.json", || ./playwright.config.ts:50:        storageState: ".auth/storageState.administrator.json", || ./playwright.config.ts:58:        storageState: ".auth/storageState.user.json",
lucia-gomez/personal-website-v2	team	auth0	cypress	ABSENT	ABSENT	YES	YES	NO	NO			NO	NO	11	4	0	2025-06-24	YES	NO	./cypress/support/auth-provider-commands/auth0.js:29:  cy.session(`auth0-${username}`, () => {
lukakh1/posts	team	supabase	playwright	playwright.config.ts:9:  workers: process.env.CI ? 1 : undefined, 	playwright.config.ts:6:  fullyParallel: true,	NO	NO	NO	NO			NO	NO	2	0	0	2025-10-27	NO	NO	
lukehodges/ironheart-platform	team	workos	playwright	playwright.config.ts:25:  workers: 1, 	playwright.config.ts:22:  fullyParallel: false, // sequential so we can observe state changes	YES	YES	YES	NO			YES	YES	18	1	0	2026-08-15	YES	YES	./playwright.config.ts:48:        storageState: "e2e/.auth/user.json", || ./e2e/auth.setup.ts:39:  await page.context().storageState({ path: authFile });
macseem/wikismith	team	workos	playwright	apps/web/playwright.config.ts:15:  workers: 1,  ||SERIALDECL|| ./apps/web/e2e/wiki-flow.spec.ts:7:test.describe.configure({ mode: 'serial' });	apps/web/playwright.config.ts:12:  fullyParallel: false,	NO	NO	NO	NO			NO	YES	2	1	0	2026-02-26	NO	NO	
malek-abbassi/OtakuShelf	team	supertokens	playwright	ABSENT	ABSENT	NO	NO	NO	NO			YES	NO	11	3	1	2025-09-17	NO	NO	
manus42ppi/socialflow-pro	team	clerk	playwright	playwright.config.js:8:  workers: process.env.CI ? 1 : 3,  ||SERIALDECL|| ./e2e/post-history.spec.js:4:test.describe.configure({ mode: 'serial' });	playwright.config.js:5:  fullyParallel: true,	NO	NO	NO	YES	424242;		NO	YES	12	1	0	2026-06-25	NO	NO	
mateotiedra/next-boilerplate	team	kinde	playwright	playwright.config.ts:11:  workers: process.env.CI ? 1 : undefined, 	playwright.config.ts:8:  fullyParallel: true,	NO	NO	NO	NO			NO	NO	6	2	0	2026-04-10	NO	NO	
matheuscarp123/medical-appointment-saas	team	firebase	cypress	ABSENT	ABSENT	NO	NO	NO	YES	424242;		NO	NO	3	3	1	2025-05-21	NO	NO	
mejay4u/Medicare-portal-descope	team	descope	playwright	apps/web/playwright.config.ts:14:  workers: process.env.CI ? 1 : undefined, 	apps/web/playwright.config.ts:11:  fullyParallel: true,	YES	NO	NO	NO			NO	NO	0	0	0	2026-06-11	YES	NO	./apps/mobile/jest.config.detox.ts:8:  globalSetup: 'detox/runners/jest/globalSetup',
mia-cx/maal	team	workos	playwright	ABSENT	ABSENT	NO	NO	NO	NO			NO	NO	0	0	0	2026-07-13	NO	NO	
misterwhite44/ubeer	team	auth0	playwright	ABSENT	ABSENT	NO	NO	NO	NO			NO	NO	4	0	0	2025-06-30	NO	NO	
mnaoizy/wyssn	team	kinde	playwright	ABSENT	ABSENT	NO	NO	NO	NO			NO	NO	4	0	0	2025-12-14	NO	NO	
mohammed-shakir/webbase	team	auth0	playwright	ABSENT	ABSENT	NO	NO	NO	NO			NO	NO	6	0	0	2025-04-24	NO	NO	
moonklabs/sprintable	team	firebase	playwright	apps/web/playwright.config.ts:16:  workers: process.env['CI'] ? 1 : undefined,  ||SERIALDECL|| ./apps/web/e2e/onboarding.spec.ts:6:  test.describe.configure({ mode: 'serial' });	apps/web/playwright.config.ts:13:  fullyParallel: true,	YES	YES	NO	NO			YES	YES	18	2	14	2026-08-16	YES	YES	./.github/workflows/ci.yml:1075:      # owner 로그인 → playwright/.auth/owner.json storageState를 만든 뒤 contrast-guard.spec을 돈다. || ./apps/web/e2e/settings-invite.spec.ts:3:test.use({ storageState: './playwright/.auth/owner.json' }); || ./apps/web/e2e/inbox.spec.ts:3:test.use({ storageState: './playwright/.auth/owner.json' });
mrkoonapp/mrkoon-audit	team	auth0	playwright	playwright.config.ts:11:  workers: process.env.CI ? 1 : undefined, 	playwright.config.ts:8:  fullyParallel: true,	NO	NO	NO	YES	424242;		NO	NO	3	0	0	2026-08-11	NO	NO	
muhamed1222/chrono	team	supabase	cypress	ABSENT	ABSENT	NO	NO	NO	NO			YES	NO	5	3	0	2025-06-06	NO	NO	
multicam/bush	team	workos	playwright	bp/playwright.config.ts:12:  workers: 1, src/web/playwright.config.ts:14:  workers: process.env.CI ? 1 : undefined, 	bp/playwright.config.ts:11:  fullyParallel: false,	NO	NO	NO	NO		mailpit;	YES	NO	37	2	0	2026-05-12	NO	NO	
muratariku0903/summary-training	team	descope	playwright	ABSENT	ABSENT	YES	YES	YES	NO		mailpit;	YES	NO	10	3	0	2025-12-20	YES	YES	./frontend/test/e2e/auth.setup.test.ts:41:    // storageState 保存 || ./frontend/test/e2e/auth.setup.test.ts:46:    await context.storageState({ path: path.join(authDir, 'state.json') }) || ./frontend/playwright.config.ts:48:        storageState: 'playwright/.auth/state.json',
naabu/naabu	team	firebase	playwright	playwright.config.mjs:11:  workers: 1, 	ABSENT	NO	NO	NO	YES			NO	NO	0	0	26	2026-02-13	NO	NO	
nanameru/AI-Agent-Taiyo	team	workos	playwright	playwright.config.ts:33:  /* Limit workers to prevent browser crashes */ playwright.config.ts:34:  workers: process.env.CI ? 2 : 2, 	playwright.config.ts:28:  fullyParallel: true,	NO	NO	NO	NO			YES	YES	8	2	2	2026-06-25	NO	NO	
nandaarafi/rag-llm-interface	team	kinde	playwright	playwright.config.ts:34:  workers: process.env.CI ? 1 : undefined, 	playwright.config.ts:28:  fullyParallel: true,	YES	YES	YES	NO			YES	YES	5	1	0	2026-01-14	YES	YES	./tests/auth-helper.ts:51:  await context.storageState({ path: storageFile }); || ./tests/auth-helper.ts:54:  const newContext = await browser.newContext({ storageState: storageFile }); || ./tests/auth.test.ts:5:test.use({ storageState: { cookies: [], origins: [] } });
nathanjohnpayne/friends-and-family-billing	team	firebase	playwright	ABSENT	ABSENT	NO	NO	NO	YES	connectAuthEmulator;		YES	NO	49	1	0	2026-08-10	NO	NO	
neo4j/neo4j-browser	team	firebase	cypress	ABSENT	ABSENT	NO	NO	NO	NO			NO	YES	0	0	831	2026-08-06	NO	NO	
neu-cs4530/spring26-project-group-102	team	auth0	playwright	client/playwright.config.mjs:15:  workers: 1, 	ABSENT	NO	NO	NO	NO			YES	YES	43	4	1	2026-04-10	NO	NO	
nicoard12/Ticketing-system-front	team	auth0	cypress	ABSENT	ABSENT	NO	NO	NO	NO			NO	NO	8	0	0	2026-04-26	NO	NO	
nursyah21/chatai-app	team	kinde	playwright	playwright.config.ts:23:  workers: process.env.CI ? 1 : undefined, 	playwright.config.ts:17:  fullyParallel: true,	NO	NO	NO	NO			NO	YES	1	0	0	2025-05-20	NO	NO	
om-raheja/SDx	team	workos	playwright	ABSENT	ABSENT	NO	NO	NO	NO			YES	NO	21	1	0	2026-05-19	NO	NO	
ontoneio/popcorn-loop	team	supertokens	playwright	playwright.config.ts:8:  workers: process.env.CI ? 1 : undefined, 	playwright.config.ts:5:  fullyParallel: true,	NO	NO	NO	NO			NO	NO	0	0	0	2025-12-12	NO	NO	
openclimatefix/quartz-frontend	team	auth0	cypress	ABSENT	ABSENT	YES	YES	NO	YES	424242;		NO	YES	1	1	111	2026-08-15	YES	NO	./apps/quartz-app/jest.config.ts:82:  // globalSetup: undefined, || ./apps/nowcasting-app/cypress/support/auth-provider-commands/auth0.ts:34:  cy.session(
ot-nemoto/daily-hub	team	clerk	playwright	playwright.config.ts:13: * - データ競合を避けるため直列実行（workers: 1） playwright.config.ts:18:  workers: 1, 	playwright.config.ts:17:  fullyParallel: false,	YES	YES	YES	YES	clerkSetup;setupClerkTestingToken;		NO	YES	13	1	0	2026-08-11	YES	NO	./e2e/monthly.spec.ts:3:test.use({ storageState: authState("tsukune") }); || ./e2e/fixtures.ts:6:/** ロール別セッション（storageState）の保存先 */ || ./e2e/day-off.spec.ts:11:  test.use({ storageState: authState("tsukune") });
phkoenig/kessel-boilerplate	team	clerk	playwright	playwright.config.ts:11:  workers: process.env.CI ? "100%" : 1, 	playwright.config.ts:8:  fullyParallel: true,	NO	NO	NO	NO			NO	NO	21	1	0	2026-08-08	NO	NO	
pkunv/fitgather	team	kinde	playwright	playwright.config.ts:22:  workers: undefined, 	playwright.config.ts:16:  fullyParallel: false,	YES	YES	YES	NO			NO	YES	2	0	1	2025-11-02	YES	YES	./playwright.config.ts:41:        storageState: "e2e/.auth/user.json", || ./e2e/auth.setup.ts:30:  await page.context().storageState({ path: authFile });
planetaryescape/blah.chat	team	clerk	playwright	apps/web/playwright.config.ts:13:  workers: process.env.CI ? 1 : undefined, apps/web/playwright.smoke.config.ts:16:  workers: 1, 	apps/web/playwright.config.ts:10:  fullyParallel: true,	YES	NO	NO	YES	424242;testing token;		YES	NO	34	1	7	2026-08-01	YES	NO	./apps/web/e2e/smoke-staging.spec.ts:99:    test.use({ storageState: smokeAuthStorageStatePath });
plural-reality/cartographer-oss	team	workos	playwright	playwright.config.ts:13:  workers: isCI ? 1 : undefined, 	playwright.config.ts:10:  fullyParallel: true,	NO	NO	NO	NO		inbucket;	NO	NO	27	1	0	2026-07-17	NO	NO	
pmfleming/MyStarQuest	team	firebase	playwright	playwright.config.ts:23:  workers: process.env.CI ? 1 : undefined, 	playwright.config.ts:17:  fullyParallel: true,	NO	NO	NO	YES			YES	YES	22	1	0	2026-06-17	NO	NO	
polubis/WebBlog	team	firebase	cypress	ABSENT	ABSENT	NO	NO	NO	YES			NO	NO	0	0	8	2025-03-21	NO	NO	
preciaaa/Scrummies-SPM	team	supabase	playwright	playwright.config.js:32:  workers: process.env.CI ? 1 : 1, // Use 1 worker to avoid database conflicts 	playwright.config.js:23:  fullyParallel: false, // Set to false for projects to avoid conflicts	YES	NO	NO	YES	424242;		YES	YES	30	3	0	2025-11-08	YES	NO	./test-results/results.json:7:    "globalSetup": null,
progress8080/next-fitness-dojo	team	kinde	playwright	playwright.config.js:22:  workers: process.env.CI ? 1 : undefined, 	playwright.config.js:16:  fullyParallel: true,	NO	NO	NO	NO			NO	YES	1	0	1	2025-06-08	NO	NO	
protoEvangelion/monai	team	clerk	playwright	ABSENT	playwright.config.ts:17:  fullyParallel: false,	YES	NO	NO	NO			NO	NO	2	0	0	2026-07-21	YES	YES	./playwright.config.ts:16:  globalSetup: './e2e/global-setup.ts', || ./e2e/global-setup.ts:12:export default async function globalSetup() {
rafay99-epic/envpilot.dev	team	workos	playwright	apps/web/playwright.config.ts:4:// into process.env for the config, the auth setup and the test workers. apps/web/playwright.config.ts:21:  // Parallel workers are safe because each worker mutates its OWN fixture  ||SERIALDECL|| ./apps/web/tests/e2e/authenticated/sharing-tags-export.spec.ts:28:test.describe.configure({ mode: "serial" });	apps/web/playwright.config.ts:18:  fullyParallel: true,	YES	YES	YES	NO		mailtrap;	YES	YES	52	38	0	2026-08-15	YES	YES	./apps/web/tests/e2e/authenticated/doc-sharing.spec.ts:142:      storageState: undefined, || ./apps/web/tests/e2e/authenticated/doc-sharing.spec.ts:229:      storageState: undefined, || ./apps/web/tests/e2e/authenticated/doc-sharing.spec.ts:294:      storageState: undefined,
rajnishkhatri/AgentsFramework	team	workos	playwright	frontend/playwright.config.ts:79:  workers: 1,  ||SERIALDECL|| ./frontend/e2e/integration/bff-thread-crud.spec.ts:12:test.describe.configure({ mode: "serial" });	frontend/playwright.config.ts:76:  fullyParallel: false,	YES	YES	NO	YES	424242;testing token;		YES	YES	98	2	0	2026-08-11	DOCONLY	NO	./.cursor/skills/playwright-agentic-e2e/references/authentication.md:8:- [The core pattern: storageState](#the-core-pattern-storagestate) || ./.cursor/skills/playwright-agentic-e2e/references/authentication.md:17:## The core pattern: storageState
rasendubi/oleksii.shmalko.com	team	firebase	playwright	playwright.config.ts:8:  workers: process.env.CI ? 1 : undefined, 	playwright.config.ts:5:  fullyParallel: true,	NO	NO	NO	NO			NO	NO	1	0	12	2026-02-22	NO	NO	
ruheni/discussions	team	workos	cypress	ABSENT	ABSENT	NO	NO	NO	NO			YES	NO	0	0	5	2026-04-08	NO	NO	
rvarbanov/saas-starter	team	workos	playwright	playwright.config.ts:83:  workers: playwrightWorkers, 	playwright.config.ts:80:  fullyParallel: true,	YES	YES	YES	NO			YES	NO	12	6	0	2026-08-15	YES	YES	./tests/e2e/auth.setup.ts:15:  await page.context().storageState({ path: AUTH_STORAGE_PATH }); || ./tests/e2e/auth-sign-out.spec.ts:6:  const context = await browser.newContext({ storageState: AUTH_STORAGE_PATH }); || ./playwright/env.ts:131:/** Ensure directory for auth storageState exists before setup writes the file. */
saldanaj97/atlaris	team	clerk	playwright	playwright.config.ts:92:  workers: 1, playwright.config.ts:115:      workers: 1,  ||SERIALDECL|| ./tests/playwright/smoke/auth.settings-headings.spec.ts:3:test.describe.configure({ mode: 'serial' });	playwright.config.ts:102:  fullyParallel: false,	YES	YES	NO	YES	+clerk_test;clerkSetup;	inbucket;	YES	YES	322	14	1	2026-08-13	YES	NO	./tests/setup/testcontainers.ts:2: * Vitest globalSetup: spins up a PostgreSQL Testcontainer before any || ./vitest.workflow.config.ts:21:    globalSetup: ['tests/setup/workflow-vitest-global-setup.ts'], || ./vitest.config.ts:95:          globalSetup: ['tests/setup/testcontainers.ts'],
samayhuf-star/Adiology-23Dec-New	team	clerk+supabase	playwright	playwright.lambdatest.config.ts:15: * - workers: '50%' - Uses 50% of CPU cores for parallel execution playwright.lambdatest.config.ts:16: *   - Set LT_WORKERS env var to override (e.g., LT_WORKERS=4 for 4 parallel worker	playwright.lambdatest.config.ts:14: * - fullyParallel: true - Enables parallel execution of tests	NO	NO	NO	NO			YES	YES	3	1	0	2026-01-18	NO	NO	
sanspoof/SuperScale	team	supabase	cypress	ABSENT	ABSENT	NO	NO	NO	NO			NO	NO	2	2	0	2025-09-11	NO	NO	
seandonn-boston/Atlas	team	workos	playwright	ABSENT	playwright.config.ts:6:  fullyParallel: true,	NO	NO	NO	NO			NO	NO	17	0	0	2026-05-27	NO	NO	
sebkopsi/Programsko-inzenjerstvo	team	descope	cypress	ABSENT	ABSENT	NO	NO	NO	NO			NO	NO	4	4	0	2026-01-29	NO	NO	
sefi-uzan/yanshuf-ai	team	kinde	playwright	playwright.config.ts:21:  workers: process.env.CI ? 1 : 1, 	playwright.config.ts:15:  fullyParallel: true,	YES	NO	NO	NO			NO	YES	8	6	0	2025-11-07	YES	NO	./jest.config.ts:70:  // globalSetup: undefined,
sikander1020/Forge-AI-Pentest-Assistant	team	workos	playwright	playwright.config.ts:16:  workers: 3, // Allow 3 concurrent workers (one per tier spec) 	playwright.config.ts:13:  fullyParallel: true, // Run spec files in parallel (each tier uses different user)	YES	YES	YES	NO			YES	YES	37	1	0	2026-08-03	YES	NO	./e2e/chat-agent.spec.ts:25:    test.use({ storageState: AUTH_STORAGE_PATHS.pro }); || ./e2e/chat-agent.spec.ts:150:    test.use({ storageState: AUTH_STORAGE_PATHS.ultra }); || ./e2e/chat-switching.spec.ts:21:  test.use({ storageState: AUTH_STORAGE_PATHS.pro });
sohail7946/Agency-tool	team	workos	playwright	ABSENT	agency-os/playwright.config.ts:5: fullyParallel: true,	NO	NO	NO	NO			YES	NO	15	2	0	2026-05-31	NO	NO	
sotomaque/eng-hub	team	clerk	playwright	apps/web/playwright.config.ts:14:  workers: process.env.CI ? 1 : undefined,  ||SERIALDECL|| ./apps/web/e2e/project-billets.spec.ts:4:  test.describe.configure({ mode: "serial" });	apps/web/playwright.config.ts:11:  fullyParallel: true,	YES	YES	YES	YES	clerkSetup;testing token;	inbucket;	NO	NO	37	1	4	2026-05-29	YES	YES	./apps/web/playwright.config.ts:31:        storageState: path.join(__dirname, "playwright/.clerk/user.json"), || ./apps/web/playwright.config.ts:40:        storageState: path.join(__dirname, "playwright/.clerk/user2.json"), || ./apps/web/e2e/global.setup.ts:32:  await page.context().storageState({ path: adminAuthFile });
spideryarn/hellozenno	team	supabase	playwright	ABSENT	ABSENT	NO	NO	NO	NO		inbucket;	YES	NO	3	3	1	2026-05-25	NO	NO	
srteerra/pitmydoro	team	firebase	playwright	playwright.config.ts:11:  workers: isCI ? '50%' : undefined, 	playwright.config.ts:8:  fullyParallel: true,	NO	NO	NO	NO			NO	YES	5	0	19	2026-07-05	NO	NO	
steveruizok/globs	team	supabase	cypress	ABSENT	ABSENT	NO	NO	NO	NO			NO	NO	0	0	249	2026-05-24	NO	NO	
stianglomsrod/klar	team	supabase	playwright	ABSENT	playwright.config.ts:9:  fullyParallel: true,	NO	NO	NO	NO			NO	NO	8	1	0	2026-07-19	NO	NO	
stytchauth/stytch-browser	vendor	stytch	cypress	ABSENT	ABSENT	NO	NO	NO	NO		mailosaur;	YES	NO	3	3	0	2026-08-14	NO	NO	
suntan-superman/worksideSupportConsole	team	firebase	playwright	ABSENT	ABSENT	NO	NO	NO	NO			NO	NO	17	1	0	2026-06-28	NO	NO	
superfaz/starfinder	team	kinde	playwright	playwright.service.config.ts:42:  workers: 20,	NA	NA	NA	NA	NA	NA	NA	NA	NA	NA	NA	NA	NA	YES	YES	./playwright.config.ts:57:        storageState: "playwright/.auth/user.json", || ./e2e/auth.setup.ts:22:  await page.context().storageState({ path: authFile });
swissmilo/bookrec	team	workos	playwright	tests/playwright.config.ts:8:  workers: 1, 	ABSENT	NO	NO	NO	NO			YES	YES	8	1	0	2026-07-14	NO	NO	
t-i-0414/music-practice-tracker	team	firebase		ABSENT	ABSENT	NO	NO	NO	YES	FIREBASE_AUTH_EMULATOR_HOST;		NO	NO	0	0	0	2026-08-14	NO	NO	
talstilkol/svbooking.com	team	kinde	playwright	playwright.config.ts:22:  workers: 1, 	ABSENT	NO	NO	NO	NO			YES	NO	237	8	1	2026-08-12	NO	NO	
tdiorio2323/my-creator-landing	team	supertokens	playwright	ABSENT	ABSENT	NO	NO	NO	NO			NO	NO	2	0	0	2025-11-07	NO	NO	
techybolek/10x-L4	team	supabase	playwright	playwright.config.ts:9:  workers: process.env.CI ? 1 : undefined, 	playwright.config.ts:5:  fullyParallel: true,	NO	NO	NO	NO		inbucket;	YES	YES	11	6	1	2025-06-12	NO	NO	
tensr-xyz/tensr-platform-web	team	stytch	playwright	playwright.launch.config.ts:18:  workers: process.env.CI ? 1 : undefined, playwright.config.ts:11:  workers: process.env.CI ? 1 : undefined, 	playwright.launch.config.ts:14:  fullyParallel: true,	NO	NO	NO	YES	424242;		NO	NO	8	1	0	2026-08-12	NO	NO	
thePlaygroundCommerce/ThePlayground	team	clerk	cypress	ABSENT	ABSENT	NO	NO	NO	YES	424242;		NO	NO	1	0	0	2026-08-13	NO	NO	
thefappybird/gallurio	team	workos	playwright	scripts/playwright-screenshots.config.ts:19:  workers: 1, playwright.config.ts:14:  workers: 1, 	scripts/playwright-screenshots.config.ts:18:  fullyParallel: false,	YES	YES	YES	YES	424242;		YES	NO	30	1	0	2026-08-02	YES	YES	./playwright.config.ts:29:      use: { ...devices["Desktop Chrome"], storageState: "e2e/.auth/owner.json" }, || ./e2e/portfolio-maker-demo-pages.spec.ts:5:test.use({ storageState: { cookies: [], origins: [] } }); || ./e2e/email-deep-links.spec.ts:60:  test.use({ storageState: { cookies: [], origins: [] } });
timfewi/freelancerino	team	clerk	playwright	playwright.config.ts:101:  /* Run tests in files in parallel (local only, CI uses workers: 1 for stability) */ playwright.config.ts:111:  workers: process.env.CI ? 1 : undefined,  ||SERIALDECL|| ./e2e/global.setup.ts:43:setup.describe.configure({ mode: "serial" });	playwright.config.ts:102:  fullyParallel: true,	YES	YES	YES	YES	clerkSetup;setupClerkTestingToken;testing token;		YES	YES	53	4	1	2026-01-25	YES	YES	./playwright.config.ts:152:        storageState: AUTH_FILE, || ./e2e/fixtures/auth.fixture.ts:308: *   use: { storageState: AUTH_STORAGE_STATE_PATH }, || ./e2e/global.setup.ts:259:  await page.context().storageState({ path: AUTH_FILE });
tindevelopers/equipmentbalkans	team	workos	playwright	smoke/playwright.config.ts:9:  workers: process.env.CI ? 2 : 4,  ||SERIALDECL|| ./smoke/marketplace-create.spec.ts:39:test.describe.configure({ mode: "serial" });	smoke/playwright.config.ts:8:  fullyParallel: true,	YES	YES	NO	NO			YES	NO	14	3	0	2026-08-08	YES	NO	./smoke/qa-journeys.spec.ts:90:  await page.context().storageState({ path: `tmp/qa-seller-${RUN}.json` }); || ./smoke/qa-journeys.spec.ts:130:  await page.context().storageState({ path: `tmp/qa-buyer-${RUN}.json` }); || ./smoke/qa-journeys.spec.ts:138:  const buyerContext = await browser.newContext({ storageState: `tmp/qa-buyer-${RUN}.json` });
tommysullivan/deeporigin-takehome	team	clerk	playwright	playwright.config.ts:19:  workers: process.env.CI ? 1 : undefined, 	playwright.config.ts:13:  fullyParallel: true,	YES	YES	NO	NO			NO	YES	2	2	0	2026-01-19	YES	NO	./e2e/global-setup.ts:19: *         storageState: authFile, || ./e2e/global-setup.ts:31:  await page.context().storageState({ path: authFile }); || ./e2e/global-setup.ts:13: *   globalSetup: require.resolve('./e2e/global-setup'),
trainin-entrenamientos/Trainin	team	firebase	cypress	ABSENT	ABSENT	NO	NO	NO	NO			NO	NO	6	2	1	2025-07-10	NO	NO	
ubcdiscovery/ubc-discovery	team	firebase	playwright	web/playwright.config.ts:6:  workers: 4, 	web/playwright.config.ts:5:  fullyParallel: true,	NO	NO	NO	NO			YES	NO	15	3	0	2026-08-15	NO	NO	
unityhubio/unityhubio	team	workos		ABSENT	ABSENT	NO	NO	NO	NO			YES	NO	0	0	0	2026-08-16	NO	NO	
vandean25/auto-core-platform	team	firebase	playwright	apps/core-web/playwright.config.ts:15:  workers: process.env.CI ? 1 : undefined, 	apps/core-web/playwright.config.ts:9:  fullyParallel: true,	YES	YES	NO	NO			YES	YES	13	0	0	2026-08-16	DOCONLY	NO	./.agents/skills/playwright-cli/references/running-code.md:218:  await page.context().storageState({ path: 'auth.json' });
vanessavun/portfolio_v4	team	supabase	cypress	ABSENT	ABSENT	NO	NO	NO	NO			NO	NO	2	0	2	2025-09-04	NO	NO	
velmuruganvelayutham/loan-app	team	clerk	cypress	ABSENT	ABSENT	NO	NO	NO	NO			NO	NO	10	10	0	2026-06-22	NO	NO	
victorlovescoding/dive-into-run	team	firebase	playwright	playwright.config.mjs:14:  workers: 1, 	playwright.config.mjs:13:  fullyParallel: false,	NO	NO	NO	YES			YES	NO	76	11	0	2026-06-22	NO	NO	
webthreeservices-bot/NSC	team	workos	playwright	playwright-continuous.config.ts:24:  workers: 1, playwright-simple.config.ts:16:  workers: process.env.CI ? 1 : 2, 	playwright-continuous.config.ts:15:  fullyParallel: false,	YES	YES	YES	NO			YES	YES	16	1	0	2025-11-20	YES	YES	./playwright-continuous.config.ts:81:        storageState: 'playwright/.auth/user.json', || ./playwright-continuous.config.ts:112:        storageState: 'playwright/.auth/user.json', || ./playwright.config.ts:60:        storageState: 'playwright/.auth/user.json',
willl182/calaire-app	team	workos	playwright	playwright.config.ts:117:  workers: e2eEnv.isCI ? 1 : undefined,  ||SERIALDECL|| ./tests/e2e/sgc-fase2.auth.spec.ts:4:test.describe.configure({ mode: 'serial' })	playwright.config.ts:114:  fullyParallel: true,	YES	YES	NO	NO			NO	NO	14	12	3	2026-07-29	YES	YES	./tests/e2e/auth.manual.setup.ts:13:  await page.context().storageState({ path: authFile }) || ./tests/e2e/auth.setup.ts:55:  await page.context().storageState({ path: authFile }) || ./scripts/capture-e2e-auth-cdp.mjs:13:    await context.storageState({ path: '.auth/workos.json' })
woody34/rescope	team	descope	playwright	apps/sample-app/playwright.config.ts:8:  workers: 1, apps/ui/playwright.config.ts:6:  // parallel workers would reset each other's state mid-test. 	apps/sample-app/playwright.config.ts:9:  fullyParallel: false,	YES	YES	NO	NO			YES	YES	65	6	1	2026-07-07	YES	YES	./apps/sample-app/e2e/auth.setup.ts:99:  await page.context().storageState({ path: authFile }); || ./apps/sample-app/e2e/home.spec.ts:14:test.use({ storageState: "playwright/.auth/user.json" }); || ./apps/sample-app/e2e/session.spec.ts:8: * The unauthenticated tests override storageState with empty state to simulate
workos/authkit-electron	vendor	workos	playwright	playwright.config.ts:8: * per test, so we run serially (`workers: 1`) and retry once to absorb hosted- playwright.config.ts:16:  workers: 1, 	playwright.config.ts:15:  fullyParallel: false,	NO	NO	NO	NO			YES	YES	17	6	0	2026-08-14	NO	NO	
wyattowalsh/riso	team	workos	playwright	web/playwright.config.ts:8:  workers: process.env.CI ? 1 : undefined, 	web/playwright.config.ts:5:  fullyParallel: true,	NO	NO	NO	YES	424242;		YES	NO	9	0	0	2026-06-26	NO	NO	
y4my4my4m/harmony	team	supabase	playwright	playwright.config.ts:14:  workers: process.env.CI ? 1 : undefined, 	playwright.config.ts:11:  fullyParallel: true,	YES	YES	YES	YES	424242;		YES	NO	46	4	31	2026-08-16	YES	YES	./tests/e2e/global-setup.ts:5: * to capture localStorage auth state, then saves storageState files for reuse. || ./tests/e2e/global-setup.ts:37:  storageStatePath: string, || ./tests/e2e/global-setup.ts:74:  await context.storageState({ path: storageStatePath })
yeshwanthreddymula15/auto	team	supabase	playwright	ABSENT	ABSENT	NO	NO	NO	NO			NO	NO	1	1	0	2025-06-11	NO	NO	
youh4ck3dme/booking	team	supabase	playwright	playwright.config.ts:8:    workers: process.env.CI ? 1 : undefined, 	playwright.config.ts:5:    fullyParallel: true,	NO	NO	NO	NO		inbucket;	YES	NO	12	4	0	2026-02-21	NO	NO	
yravan/cashlens	team	clerk	playwright	apps/web/playwright.config.ts:27:  workers: 1, // parallel clerk.signIn is flaky (clerk/javascript#7891) 	ABSENT	YES	YES	YES	YES	clerkSetup;		NO	YES	5	2	0	2026-08-13	YES	YES	./apps/web/playwright.config.ts:44:      use: { ...devices["Desktop Chrome"], storageState: STORAGE_STATE_A }, || ./apps/web/e2e/isolation.signed-in.spec.ts:21:    storageState: STORAGE_STATE_B, || ./apps/web/e2e/global.setup.ts:16:  { key: "a", email: E2E_USER_A_EMAIL, storageState: STORAGE_STATE_A },
zainsaeeed/rankerx	team	workos	playwright	apps/web/playwright.config.ts:8:  workers: process.env.CI ? 2 : undefined, 	apps/web/playwright.config.ts:5:  fullyParallel: true,	NO	NO	NO	NO			NO	NO	1	0	1	2026-04-25	NO	NO	
zekenewsom/highwater	team	auth0	playwright	packages/web/playwright.config.ts:15:  workers: process.env.CI ? 1 : undefined, 	packages/web/playwright.config.ts:9:  fullyParallel: true,	NO	NO	NO	NO			NO	YES	5	0	0	2025-07-28	NO	NO	
zenobia-pay/alphabook	team	workos	playwright	ABSENT	ABSENT	NO	NO	NO	NO			YES	NO	9	0	0	2026-04-24	NO	NO	
zulkeflrehman/TacticalHub	team	firebase	playwright	playwright.config.ts:6:  workers: 1, 	playwright.config.ts:5:  fullyParallel: false,	NO	NO	NO	YES			YES	NO	14	3	0	2026-08-03	NO	NO	
